"City|State short|State full|County|City alias"
"Toronto|ON|Ontario||"
"Montreal|QC|Quebec||"
"Vancouver|BC|British Columbia||"
"Calgary|AB|Alberta||"
"Edmonton|AB|Alberta||"
"Ottawa|ON|Ontario||"
"Mississauga|ON|Ontario||"
"Winnipeg|MB|Manitoba||"
"Quebec City|QC|Quebec||"
"Hamilton|ON|Ontario||"
"Brampton|ON|Ontario||"
"Surrey|BC|British Columbia||"
"Kitchener|ON|Ontario||"
"Laval|QC|Quebec||"
"Halifax|NS|Nova Scotia||"
"London|ON|Ontario||"
"Victoria|BC|British Columbia||"
"Markham|ON|Ontario||"
"St. Catharines|ON|Ontario||"
"Niagara Falls|ON|Ontario||"
"Vaughan|ON|Ontario||"
"Gatineau|QC|Quebec||"
"Windsor|ON|Ontario||"
"Saskatoon|SK|Saskatchewan||"
"Longueuil|QC|Quebec||"
"Burnaby|BC|British Columbia||"
"Regina|SK|Saskatchewan||"
"Richmond|BC|British Columbia||"
"Richmond Hill|ON|Ontario||"
"Oakville|ON|Ontario||"
"Burlington|ON|Ontario||"
"Barrie|ON|Ontario||"
"Oshawa|ON|Ontario||"
"Sherbrooke|QC|Quebec||"
"Saguenay|QC|Quebec||"
"Levis|QC|Quebec||"
"Kelowna|BC|British Columbia||"
"Abbotsford|BC|British Columbia||"
"Coquitlam|BC|British Columbia||"
"Trois-Rivieres|QC|Quebec||"
"Guelph|ON|Ontario||"
"Cambridge|ON|Ontario||"
"Whitby|ON|Ontario||"
"Ajax|ON|Ontario||"
"Langley|BC|British Columbia||"
"Saanich|BC|British Columbia||"
"Terrebonne|QC|Quebec||"
"Milton|ON|Ontario||"
"St. John's|NL|Newfoundland and Labrador||"
"Moncton|NB|New Brunswick||"
"Thunder Bay|ON|Ontario||"
"Dieppe|NB|New Brunswick||"
"Waterloo|ON|Ontario||"
"Delta|BC|British Columbia||"
"Chatham|ON|Ontario||"
"Red Deer|AB|Alberta||"
"Kamloops|BC|British Columbia||"
"Brantford|ON|Ontario||"
"Cape Breton|NS|Nova Scotia||"
"Lethbridge|AB|Alberta||"
"Saint-Jean-sur-Richelieu|QC|Quebec||"
"Clarington|ON|Ontario||"
"Pickering|ON|Ontario||"
"Nanaimo|BC|British Columbia||"
"Sudbury|ON|Ontario||"
"North Vancouver|BC|British Columbia||"
"Brossard|QC|Quebec||"
"Repentigny|QC|Quebec||"
"Newmarket|ON|Ontario||"
"Chilliwack|BC|British Columbia||"
"White Rock|BC|British Columbia||"
"Maple Ridge|BC|British Columbia||"
"Peterborough|ON|Ontario||"
"Kawartha Lakes|ON|Ontario||"
"Prince George|BC|British Columbia||"
"Sault Ste. Marie|ON|Ontario||"
"Sarnia|ON|Ontario||"
"Wood Buffalo|AB|Alberta||"
"New Westminster|BC|British Columbia||"
"Chateauguay|QC|Quebec||"
"Saint-Jerome|QC|Quebec||"
"Drummondville|QC|Quebec||"
"Saint John|NB|New Brunswick||"
"Caledon|ON|Ontario||"
"St. Albert|AB|Alberta||"
"Granby|QC|Quebec||"
"Medicine Hat|AB|Alberta||"
"Grande Prairie|AB|Alberta||"
"St. Thomas|ON|Ontario||"
"Airdrie|AB|Alberta||"
"Halton Hills|ON|Ontario||"
"Saint-Hyacinthe|QC|Quebec||"
"Lac-Brome|QC|Quebec||"
"Port Coquitlam|BC|British Columbia||"
"Fredericton|NB|New Brunswick||"
"Blainville|QC|Quebec||"
"Aurora|ON|Ontario||"
"Welland|ON|Ontario||"
"North Bay|ON|Ontario||"
"Beloeil|QC|Quebec||"
"Belleville|ON|Ontario||"
"Mirabel|QC|Quebec||"
"Shawinigan|QC|Quebec||"
"Dollard-des-Ormeaux|QC|Quebec||"
"Brandon|MB|Manitoba||"
"Rimouski|QC|Quebec||"
"Cornwall|ON|Ontario||"
"Stouffville|ON|Ontario||"
"Georgina|ON|Ontario||"
"Victoriaville|QC|Quebec||"
"Vernon|BC|British Columbia||"
"Duncan|BC|British Columbia||"
"Saint-Eustache|QC|Quebec||"
"Quinte West|ON|Ontario||"
"Charlottetown|PE|Prince Edward Island||"
"Mascouche|QC|Quebec||"
"West Vancouver|BC|British Columbia||"
"Salaberry-de-Valleyfield|QC|Quebec||"
"Rouyn-Noranda|QC|Quebec||"
"Timmins|ON|Ontario||"
"Sorel-Tracy|QC|Quebec||"
"New Tecumseth|ON|Ontario||"
"Woodstock|ON|Ontario||"
"Boucherville|QC|Quebec||"
"Mission|BC|British Columbia||"
"Vaudreuil-Dorion|QC|Quebec||"
"Brant|ON|Ontario||"
"Lakeshore|ON|Ontario||"
"Innisfil|ON|Ontario||"
"Prince Albert|SK|Saskatchewan||"
"Langford Station|BC|British Columbia||"
"Bradford West Gwillimbury|ON|Ontario||"
"Campbell River|BC|British Columbia||"
"Spruce Grove|AB|Alberta||"
"Moose Jaw|SK|Saskatchewan||"
"Penticton|BC|British Columbia||"
"Port Moody|BC|British Columbia||"
"Leamington|ON|Ontario||"
"East Kelowna|BC|British Columbia||"
"Cote-Saint-Luc|QC|Quebec||"
"Val-d'Or|QC|Quebec||"
"Owen Sound|ON|Ontario||"
"Stratford|ON|Ontario||"
"Lloydminster|SK|Saskatchewan||"
"Pointe-Claire|QC|Quebec||"
"Orillia|ON|Ontario||"
"Alma|QC|Quebec||"
"Orangeville|ON|Ontario||"
"Fort Erie|ON|Ontario||"
"LaSalle|ON|Ontario||"
"Sainte-Julie|QC|Quebec||"
"Leduc|AB|Alberta||"
"North Cowichan|BC|British Columbia||"
"Chambly|QC|Quebec||"
"Okotoks|AB|Alberta||"
"Sept-Iles|QC|Quebec||"
"Centre Wellington|ON|Ontario||"
"Saint-Constant|QC|Quebec||"
"Grimsby|ON|Ontario||"
"Boisbriand|QC|Quebec||"
"Conception Bay South|NL|Newfoundland and Labrador||"
"Saint-Bruno-de-Montarville|QC|Quebec||"
"Sainte-Therese|QC|Quebec||"
"Cochrane|AB|Alberta||"
"Thetford Mines|QC|Quebec||"
"Courtenay|BC|British Columbia||"
"Magog|QC|Quebec||"
"Whitehorse|YT|Yukon||"
"Woolwich|ON|Ontario||"
"Clarence-Rockland|ON|Ontario||"
"Fort Saskatchewan|AB|Alberta||"
"East Gwillimbury|ON|Ontario||"
"Lincoln|ON|Ontario||"
"La Prairie|QC|Quebec||"
"Tecumseh|ON|Ontario||"
"Mount Pearl Park|NL|Newfoundland and Labrador||"
"Amherstburg|ON|Ontario||"
"Saint-Lambert|QC|Quebec||"
"Brockville|ON|Ontario||"
"Collingwood|ON|Ontario||"
"Scugog|ON|Ontario||"
"Kingsville|ON|Ontario||"
"Baie-Comeau|QC|Quebec||"
"Paradise|NL|Newfoundland and Labrador||"
"Uxbridge|ON|Ontario||"
"Essa|ON|Ontario||"
"Candiac|QC|Quebec||"
"Oro-Medonte|ON|Ontario||"
"Varennes|QC|Quebec||"
"Strathroy-Caradoc|ON|Ontario||"
"Wasaga Beach|ON|Ontario||"
"New Glasgow|NS|Nova Scotia||"
"Wilmot|ON|Ontario||"
"Essex|ON|Ontario||"
"Fort St. John|BC|British Columbia||"
"Kirkland|QC|Quebec||"
"L'Assomption|QC|Quebec||"
"Westmount|QC|Quebec||"
"Saint-Lazare|QC|Quebec||"
"Chestermere|AB|Alberta||"
"Huntsville|ON|Ontario||"
"Corner Brook|NL|Newfoundland and Labrador||"
"Riverview|NB|New Brunswick||"
"Lloydminster|AB|Alberta||"
"Joliette|QC|Quebec||"
"Yellowknife|NT|Northwest Territories||"
"Squamish|BC|British Columbia||"
"Mont-Royal|QC|Quebec||"
"Riviere-du-Loup|QC|Quebec||"
"Cobourg|ON|Ontario||"
"Cranbrook|BC|British Columbia||"
"Beaconsfield|QC|Quebec||"
"Springwater|ON|Ontario||"
"Dorval|QC|Quebec||"
"Thorold|ON|Ontario||"
"Camrose|AB|Alberta||"
"South Frontenac|ON|Ontario||"
"Pitt Meadows|BC|British Columbia||"
"Port Colborne|ON|Ontario||"
"Quispamsis|NB|New Brunswick||"
"Mont-Saint-Hilaire|QC|Quebec||"
"Bathurst|NB|New Brunswick||"
"Saint-Augustin-de-Desmaures|QC|Quebec||"
"Oak Bay|BC|British Columbia||"
"Sainte-Marthe-sur-le-Lac|QC|Quebec||"
"Salmon Arm|BC|British Columbia||"
"Port Alberni|BC|British Columbia||"
"Esquimalt|BC|British Columbia||"
"Deux-Montagnes|QC|Quebec||"
"Miramichi|NB|New Brunswick||"
"Niagara-on-the-Lake|ON|Ontario||"
"Saint-Lin--Laurentides|QC|Quebec||"
"Beaumont|AB|Alberta||"
"Middlesex Centre|ON|Ontario||"
"Inverness|NS|Nova Scotia||"
"Stony Plain|AB|Alberta||"
"Petawawa|ON|Ontario||"
"Pelham|ON|Ontario||"
"Selwyn|ON|Ontario||"
"Loyalist|ON|Ontario||"
"Midland|ON|Ontario||"
"Colwood|BC|British Columbia||"
"Central Saanich|BC|British Columbia||"
"Sainte-Catherine|QC|Quebec||"
"Port Hope|ON|Ontario||"
"L'Ancienne-Lorette|QC|Quebec||"
"Saint-Basile-le-Grand|QC|Quebec||"
"Swift Current|SK|Saskatchewan||"
"Edmundston|NB|New Brunswick||"
"Russell|ON|Ontario||"
"North Grenville|ON|Ontario||"
"Yorkton|SK|Saskatchewan||"
"Tracadie|NB|New Brunswick||"
"Bracebridge|ON|Ontario||"
"Greater Napanee|ON|Ontario||"
"Tillsonburg|ON|Ontario||"
"Steinbach|MB|Manitoba||"
"Hanover|MB|Manitoba||"
"Terrace|BC|British Columbia||"
"Springfield|MB|Manitoba||"
"Gaspe|QC|Quebec||"
"Kenora|ON|Ontario||"
"Cold Lake|AB|Alberta||"
"Summerside|PE|Prince Edward Island||"
"Comox|BC|British Columbia||"
"Sylvan Lake|AB|Alberta||"
"Pincourt|QC|Quebec||"
"West Lincoln|ON|Ontario||"
"Matane|QC|Quebec||"
"Brooks|AB|Alberta||"
"Sainte-Anne-des-Plaines|QC|Quebec||"
"West Nipissing / Nipissing Ouest|ON|Ontario||"
"Rosemere|QC|Quebec||"
"Mistassini|QC|Quebec||"
"Grand Falls|NL|Newfoundland and Labrador||"
"Clearview|ON|Ontario||"
"St. Clair|ON|Ontario||"
"Canmore|AB|Alberta||"
"North Battleford|SK|Saskatchewan||"
"Pembroke|ON|Ontario||"
"Mont-Laurier|QC|Quebec||"
"Strathmore|AB|Alberta||"
"Saugeen Shores|ON|Ontario||"
"Thompson|MB|Manitoba||"
"Lavaltrie|QC|Quebec||"
"High River|AB|Alberta||"
"Severn|ON|Ontario||"
"Sainte-Sophie|QC|Quebec||"
"Saint-Charles-Borromee|QC|Quebec||"
"Portage La Prairie|MB|Manitoba||"
"Thames Centre|ON|Ontario||"
"Mississippi Mills|ON|Ontario||"
"Powell River|BC|British Columbia||"
"South Glengarry|ON|Ontario||"
"North Perth|ON|Ontario||"
"Mercier|QC|Quebec||"
"South Stormont|ON|Ontario||"
"Saint-Colomban|QC|Quebec||"
"Lacombe|AB|Alberta||"
"Sooke|BC|British Columbia||"
"Dawson Creek|BC|British Columbia||"
"Lake Country|BC|British Columbia||"
"Trent Hills|ON|Ontario||"
"Sainte-Marie|QC|Quebec||"
"Guelph/Eramosa|ON|Ontario||"
"Truro|NS|Nova Scotia||"
"Amos|QC|Quebec||"
"The Nation / La Nation|ON|Ontario||"
"Ingersoll|ON|Ontario||"
"Winkler|MB|Manitoba||"
"Wetaskiwin|AB|Alberta||"
"Central Elgin|ON|Ontario||"
"Lachute|QC|Quebec||"
"West Grey|ON|Ontario||"
"Parksville|BC|British Columbia||"
"Cowansville|QC|Quebec||"
"Becancour|QC|Quebec||"
"Gravenhurst|ON|Ontario||"
"Perth East|ON|Ontario||"
"Prince Rupert|BC|British Columbia||"
"Prevost|QC|Quebec||"
"Sainte-Adele|QC|Quebec||"
"Kentville|NS|Nova Scotia||"
"Beauharnois|QC|Quebec||"
"Les Iles-de-la-Madeleine|QC|Quebec||"
"Wellington North|ON|Ontario||"
"St. Andrews|MB|Manitoba||"
"Carleton Place|ON|Ontario||"
"Whistler|BC|British Columbia||"
"Brighton|ON|Ontario||"
"Tiny|ON|Ontario||"
"Gander|NL|Newfoundland and Labrador||"
"Sidney|BC|British Columbia||"
"Rothesay|NB|New Brunswick||"
"Brock|ON|Ontario||"
"Summerland|BC|British Columbia||"
"Val-des-Monts|QC|Quebec||"
"Tache|MB|Manitoba||"
"Montmagny|QC|Quebec||"
"Erin|ON|Ontario||"
"Kincardine|ON|Ontario||"
"North Dundas|ON|Ontario||"
"Wellesley|ON|Ontario||"
"Estevan|SK|Saskatchewan||"
"North Saanich|BC|British Columbia||"
"Warman|SK|Saskatchewan||"
"La Tuque|QC|Quebec||"
"Norwich|ON|Ontario||"
"Meaford|ON|Ontario||"
"Adjala-Tosorontio|ON|Ontario||"
"Hamilton Township|ON|Ontario||"
"St. Clements|MB|Manitoba||"
"Saint-Amable|QC|Quebec||"
"Weyburn|SK|Saskatchewan||"
"South Dundas|ON|Ontario||"
"L'Ile-Perrot|QC|Quebec||"
"Notre-Dame-de-l'Ile-Perrot|QC|Quebec||"
"Williams Lake|BC|British Columbia||"
"Elliot Lake|ON|Ontario||"
"Cantley|QC|Quebec||"
"Nelson|BC|British Columbia||"
"Lambton Shores|ON|Ontario||"
"Mapleton|ON|Ontario||"
"Georgian Bluffs|ON|Ontario||"
"Rawdon|QC|Quebec||"
"Campbellton|NB|New Brunswick||"
"View Royal|BC|British Columbia||"
"Coldstream|BC|British Columbia||"
"Chester|NS|Nova Scotia||"
"Queens|NS|Nova Scotia||"
"Selkirk|MB|Manitoba||"
"Saint-Felicien|QC|Quebec||"
"Hawkesbury|ON|Ontario||"
"Roberval|QC|Quebec||"
"Sainte-Agathe-des-Monts|QC|Quebec||"
"North Dumfries|ON|Ontario||"
"Rideau Lakes|ON|Ontario||"
"Sechelt|BC|British Columbia||"
"North Glengarry|ON|Ontario||"
"South Huron|ON|Ontario||"
"Marieville|QC|Quebec||"
"Tay|ON|Ontario||"
"Temiskaming Shores|ON|Ontario||"
"Hinton|AB|Alberta||"
"Saint-Sauveur|QC|Quebec||"
"Quesnel|BC|British Columbia||"
"Elizabethtown-Kitley|ON|Ontario||"
"Morinville|AB|Alberta||"
"Grey Highlands|ON|Ontario||"
"Stratford|PE|Prince Edward Island||"
"Alfred and Plantagenet|ON|Ontario||"
"Mont-Tremblant|QC|Quebec||"
"Martensville|SK|Saskatchewan||"
"Saint-Raymond|QC|Quebec||"
"Amherst|NS|Nova Scotia||"
"Ramara|ON|Ontario||"
"Bois-des-Filion|QC|Quebec||"
"Leeds and the Thousand Islands|ON|Ontario||"
"Carignan|QC|Quebec||"
"Brockton|ON|Ontario||"
"Laurentian Valley|ON|Ontario||"
"East St. Paul|MB|Manitoba||"
"Lorraine|QC|Quebec||"
"Sainte-Julienne|QC|Quebec||"
"Blackfalds|AB|Alberta||"
"Malahide|ON|Ontario||"
"Oromocto|NB|New Brunswick||"
"Olds|AB|Alberta||"
"Huron East|ON|Ontario||"
"Stanley|MB|Manitoba||"
"Penetanguishene|ON|Ontario||"
"Qualicum Beach|BC|British Columbia||"
"Notre-Dame-des-Prairies|QC|Quebec||"
"West Perth|ON|Ontario||"
"Cavan Monaghan|ON|Ontario||"
"Arnprior|ON|Ontario||"
"Smiths Falls|ON|Ontario||"
"Pont-Rouge|QC|Quebec||"
"Champlain|ON|Ontario||"
"Coaticook|QC|Quebec||"
"Minto|ON|Ontario||"
"Morden|MB|Manitoba||"
"Mono|ON|Ontario||"
"Corman Park No. 344|SK|Saskatchewan||"
"Ladysmith|BC|British Columbia||"
"Bridgewater|NS|Nova Scotia||"
"Dauphin|MB|Manitoba||"
"Otterburn Park|QC|Quebec||"
"Taber|AB|Alberta||"
"South Bruce Peninsula|ON|Ontario||"
"Edson|AB|Alberta||"
"Farnham|QC|Quebec||"
"Kapuskasing|ON|Ontario||"
"La Malbaie|QC|Quebec||"
"Renfrew|ON|Ontario||"
"Coaldale|AB|Alberta||"
"Portugal Cove-St. Philip's|NL|Newfoundland and Labrador||"
"Zorra|ON|Ontario||"
"Kitimat|BC|British Columbia||"
"Shelburne|ON|Ontario||"
"Happy Valley|NL|Newfoundland and Labrador||"
"Saint-Hippolyte|QC|Quebec||"
"Castlegar|BC|British Columbia||"
"Church Point|NS|Nova Scotia||"
"Drumheller|AB|Alberta||"
"Kirkland Lake|ON|Ontario||"
"Argyle|NS|Nova Scotia||"
"Torbay|NL|Newfoundland and Labrador||"
"La Peche|QC|Quebec||"
"Banff|AB|Alberta||"
"Innisfail|AB|Alberta||"
"Nicolet|QC|Quebec||"
"Rockwood|MB|Manitoba||"
"Drummond/North Elmsley|ON|Ontario||"
"Dryden|ON|Ontario||"
"Iqaluit|NU|Nunavut||"
"Fort Frances|ON|Ontario||"
"La Sarre|QC|Quebec||"
"Trail|BC|British Columbia||"
"Chandler|QC|Quebec||"
"Stone Mills|ON|Ontario||"
"Hanover|ON|Ontario||"
"South-West Oxford|ON|Ontario||"
"Acton Vale|QC|Quebec||"
"Bromont|QC|Quebec||"
"Beckwith|ON|Ontario||"
"Goderich|ON|Ontario||"
"Plympton-Wyoming|ON|Ontario||"
"Central Huron|ON|Ontario||"
"Rigaud|QC|Quebec||"
"Louiseville|QC|Quebec||"
"Chibougamau|QC|Quebec||"
"Aylmer|ON|Ontario||"
"Delson|QC|Quebec||"
"Kimberley|BC|British Columbia||"
"Blandford-Blenheim|ON|Ontario||"
"Bayham|ON|Ontario||"
"Augusta|ON|Ontario||"
"Puslinch|ON|Ontario||"
"Beauport|QC|Quebec||"
"Saint-Remi|QC|Quebec||"
"St. Marys|ON|Ontario||"
"Drayton Valley|AB|Alberta||"
"Ponoka|AB|Alberta||"
"Labrador City|NL|Newfoundland and Labrador||"
"Donnacona|QC|Quebec||"
"Southgate|ON|Ontario||"
"McNab/Braeside|ON|Ontario||"
"Macdonald|MB|Manitoba||"
"Hampstead|QC|Quebec||"
"Baie-Saint-Paul|QC|Quebec||"
"Merritt|BC|British Columbia||"
"Bluewater|ON|Ontario||"
"East Zorra-Tavistock|ON|Ontario||"
"Brownsburg|QC|Quebec||"
"Stoneham-et-Tewkesbury|QC|Quebec||"
"Asbestos|QC|Quebec||"
"Huron-Kinloss|ON|Ontario||"
"Coteau-du-Lac|QC|Quebec||"
"The Blue Mountains|ON|Ontario||"
"Whitewater Region|ON|Ontario||"
"Edwardsburgh/Cardinal|ON|Ontario||"
"Sainte-Anne-des-Monts|QC|Quebec||"
"Old Chelsea|QC|Quebec||"
"North Stormont|ON|Ontario||"
"Alnwick/Haldimand|ON|Ontario||"
"Peace River|AB|Alberta||"
"Arran-Elderslie|ON|Ontario||"
"Saint-Zotique|QC|Quebec||"
"Val-Shefford|QC|Quebec||"
"Douro-Dummer|ON|Ontario||"
"Plessisville|QC|Quebec||"
"Ritchot|MB|Manitoba||"
"Otonabee-South Monaghan|ON|Ontario||"
"Shediac|NB|New Brunswick||"
"Slave Lake|AB|Alberta||"
"Port-Cartier|QC|Quebec||"
"Saint-Lambert-de-Lauzon|QC|Quebec||"
"Barrington|NS|Nova Scotia||"
"Rocky Mountain House|AB|Alberta||"
"Chatsworth|ON|Ontario||"
"Stephenville|NL|Newfoundland and Labrador||"
"Muskoka Falls|ON|Ontario||"
"Devon|AB|Alberta||"
"Yarmouth|NS|Nova Scotia||"
"Boischatel|QC|Quebec||"
"Parry Sound|ON|Ontario||"
"Pointe-Calumet|QC|Quebec||"
"Beaubassin East / Beaubassin-est|NB|New Brunswick||"
"Wainfleet|ON|Ontario||"
"Cramahe|ON|Ontario||"
"Beauceville|QC|Quebec||"
"North Middlesex|ON|Ontario||"
"Amqui|QC|Quebec||"
"Sainte-Catherine-de-la-Jacques-Cartier|QC|Quebec||"
"Clarenville|NL|Newfoundland and Labrador||"
"Mont-Joli|QC|Quebec||"
"Dysart et al|ON|Ontario||"
"Wainwright|AB|Alberta||"
"Contrecoeur|QC|Quebec||"
"Beresford|NB|New Brunswick||"
"Saint-Joseph-du-Lac|QC|Quebec||"
"Hope|BC|British Columbia||"
"Gimli|MB|Manitoba||"
"Douglas|NB|New Brunswick||"
"Saint-Apollinaire|QC|Quebec||"
"Hindon Hill|ON|Ontario||"
"Les Cedres|QC|Quebec||"
"La Broquerie|MB|Manitoba||"
"Kent|BC|British Columbia||"
"Tweed|ON|Ontario||"
"Saint-Felix-de-Valois|QC|Quebec||"
"Bay Roberts|NL|Newfoundland and Labrador||"
"Melfort|SK|Saskatchewan||"
"Bonnyville|AB|Alberta||"
"Stettler|AB|Alberta||"
"Saint-Calixte|QC|Quebec||"
"Lac-Megantic|QC|Quebec||"
"Perth|ON|Ontario||"
"Oliver Paipoonge|ON|Ontario||"
"Humboldt|SK|Saskatchewan||"
"Charlemagne|QC|Quebec||"
"Pontiac|QC|Quebec||"
"St. Paul|AB|Alberta||"
"Petrolia|ON|Ontario||"
"Southwest Middlesex|ON|Ontario||"
"Front of Yonge|ON|Ontario||"
"Vegreville|AB|Alberta||"
"Sainte-Brigitte-de-Laval|QC|Quebec||"
"Princeville|QC|Quebec||"
"Vercheres|QC|Quebec||"
"The Pas|MB|Manitoba||"
"Saint-Cesaire|QC|Quebec||"
"La Ronge|SK|Saskatchewan||"
"Tay Valley|ON|Ontario||"
"South Bruce|ON|Ontario||"
"McMasterville|QC|Quebec||"
"Redcliff|AB|Alberta||"
"Crowsnest Pass|AB|Alberta||"
"Saint-Philippe|QC|Quebec||"
"Richelieu|QC|Quebec||"
"Notre-Dame-du-Mont-Carmel|QC|Quebec||"
"L'Ange-Gardien|QC|Quebec||"
"Sainte-Martine|QC|Quebec||"
"Saint-Pie|QC|Quebec||"
"Peachland|BC|British Columbia||"
"Ashfield-Colborne-Wawanosh|ON|Ontario||"
"Trent Lakes|ON|Ontario||"
"Northern Rockies|BC|British Columbia||"
"Cookshire|QC|Quebec||"
"West St. Paul|MB|Manitoba||"
"Windsor|QC|Quebec||"
"L'Epiphanie|QC|Quebec||"
"Creston|BC|British Columbia||"
"Smithers|BC|British Columbia||"
"Cornwall|PE|Prince Edward Island||"
"Meadow Lake|SK|Saskatchewan||"
"Lanark Highlands|ON|Ontario||"
"Sackville|NB|New Brunswick||"
"Grand Falls|NB|New Brunswick||"
"Cochrane|ON|Ontario||"
"Marystown|NL|Newfoundland and Labrador||"
"Sioux Lookout|ON|Ontario||"
"Didsbury|AB|Alberta||"
"Saint-Honore|QC|Quebec||"
"Fernie|BC|British Columbia||"
"Deer Lake|NL|Newfoundland and Labrador||"
"Woodstock|NB|New Brunswick||"
"Val-David|QC|Quebec||"
"Flin Flon|SK|Saskatchewan||"
"Hudson|QC|Quebec||"
"Gananoque|ON|Ontario||"
"Brokenhead|MB|Manitoba||"
"Saint-Paul|QC|Quebec||"
"Burton|NB|New Brunswick||"
"Spallumcheen|BC|British Columbia||"
"Westlock|AB|Alberta||"
"Temiscouata-sur-le-Lac|QC|Quebec||"
"Shannon|QC|Quebec||"
"Osoyoos|BC|British Columbia||"
"Montreal-Ouest|QC|Quebec||"
"Hearst|ON|Ontario||"
"Saint-Henri|QC|Quebec||"
"Ste. Anne|MB|Manitoba||"
"Antigonish|NS|Nova Scotia||"
"Espanola|ON|Ontario||"
"West Elgin|ON|Ontario||"
"Flin Flon (Part)|MB|Manitoba||"
"Grand Bay-Westfield|NB|New Brunswick||"
"Sainte-Anne-de-Bellevue|QC|Quebec||"
"North Huron|ON|Ontario||"
"Oliver|BC|British Columbia||"
"Saint-Roch-de-l'Achigan|QC|Quebec||"
"Stirling-Rawdon|ON|Ontario||"
"Chisasibi|QC|Quebec||"
"Carbonear|NL|Newfoundland and Labrador||"
"Saint Marys|NB|New Brunswick||"
"Chertsey|QC|Quebec||"
"Armstrong|BC|British Columbia||"
"Stonewall|MB|Manitoba||"
"Shippagan|NB|New Brunswick||"
"Lanoraie|QC|Quebec||"
"Memramcook|NB|New Brunswick||"
"Centre Hastings|ON|Ontario||"
"Warwick|QC|Quebec||"
"East Ferris|ON|Ontario||"
"Hanwell|NB|New Brunswick||"
"Saint-Joseph-de-Beauce|QC|Quebec||"
"Metchosin|BC|British Columbia||"
"Lucan Biddulph|ON|Ontario||"
"Riviere-Rouge|QC|Quebec||"
"Greenstone|ON|Ontario||"
"Saint-Mathias-sur-Richelieu|QC|Quebec||"
"Neepawa|MB|Manitoba||"
"Gibsons|BC|British Columbia||"
"Kindersley|SK|Saskatchewan||"
"Jasper|AB|Alberta||"
"Barrhead|AB|Alberta||"
"Les Coteaux|QC|Quebec||"
"Melville|SK|Saskatchewan||"
"Saint-Germain-de-Grantham|QC|Quebec||"
"Iroquois Falls|ON|Ontario||"
"Havelock-Belmont-Methuen|ON|Ontario||"
"Cornwallis|MB|Manitoba||"
"Saint-Boniface|QC|Quebec||"
"Edenwold No. 158|SK|Saskatchewan||"
"Coverdale|NB|New Brunswick||"
"Vanderhoof|BC|British Columbia||"
"Southwold|ON|Ontario||"
"Goulds|NL|Newfoundland and Labrador||"
"Saint Stephen|NB|New Brunswick||"
"Waterloo|QC|Quebec||"
"Nipawin|SK|Saskatchewan||"
"Neuville|QC|Quebec||"
"Saint-Cyrille-de-Wendover|QC|Quebec||"
"Central Frontenac|ON|Ontario||"
"Mont-Orford|QC|Quebec||"
"Saint-Jean-de-Matha|QC|Quebec||"
"Seguin|ON|Ontario||"
"Tyendinaga|ON|Ontario||"
"Hampton|NB|New Brunswick||"
"Sussex|NB|New Brunswick||"
"Grand Forks|BC|British Columbia||"
"La Pocatiere|QC|Quebec||"
"Caraquet|NB|New Brunswick||"
"Saint-Etienne-des-Gres|QC|Quebec||"
"Altona|MB|Manitoba||"
"Stellarton|NS|Nova Scotia||"
"Wolfville|NS|Nova Scotia||"
"New Maryland|NB|New Brunswick||"
"Port Hardy|BC|British Columbia||"
"Saint-Donat|QC|Quebec||"
"Chateau-Richer|QC|Quebec||"
"Madawaska Valley|ON|Ontario||"
"Deep River|ON|Ontario||"
"Asphodel-Norwood|ON|Ontario||"
"Red Lake|ON|Ontario||"
"Metabetchouan-Lac-a-la-Croix|QC|Quebec||"
"Berthierville|QC|Quebec||"
"Vermilion|AB|Alberta||"
"Niverville|MB|Manitoba||"
"Hastings Highlands|ON|Ontario||"
"Carstairs|AB|Alberta||"
"Danville|QC|Quebec||"
"Channel-Port aux Basques|NL|Newfoundland and Labrador||"
"Battleford|SK|Saskatchewan||"
"Lac-Etchemin|QC|Quebec||"
"Saint-Antonin|QC|Quebec||"
"Saint-Jacques|QC|Quebec||"
"Swan River|MB|Manitoba||"
"Sutton|QC|Quebec||"
"Northern Bruce Peninsula|ON|Ontario||"
"L'Islet-sur-Mer|QC|Quebec||"
"Carleton-sur-Mer|QC|Quebec||"
"Oka|QC|Quebec||"
"Prescott|ON|Ontario||"
"Amaranth|ON|Ontario||"
"Marmora and Lake|ON|Ontario||"
"Maniwaki|QC|Quebec||"
"Morin-Heights|QC|Quebec||"
"Dundas|NB|New Brunswick||"
"Napierville|QC|Quebec||"
"Crabtree|QC|Quebec||"
"Bancroft|ON|Ontario||"
"Saint-Tite|QC|Quebec||"
"Howick|ON|Ontario||"
"Dutton/Dunwich|ON|Ontario||"
"Callander|ON|Ontario||"
"Simonds|NB|New Brunswick||"
"Baie-d'Urfe|QC|Quebec||"
"New Richmond|QC|Quebec||"
"Perth South|ON|Ontario||"
"Roxton Pond|QC|Quebec||"
"Sparwood|BC|British Columbia||"
"Claresholm|AB|Alberta||"
"Breslau|ON|Ontario||"
"Montague|ON|Ontario||"
"Cumberland|BC|British Columbia||"
"Beaupre|QC|Quebec||"
"Saint-Andre-Avellin|QC|Quebec||"
"Saint-Ambroise-de-Kildare|QC|Quebec||"
"East Angus|QC|Quebec||"
"Rossland|BC|British Columbia||"
"Mackenzie|BC|British Columbia||"
"Golden|BC|British Columbia||"
"Raymond|AB|Alberta||"
"Saint-Adolphe-d'Howard|QC|Quebec||"
"Warwick|ON|Ontario||"
"Bowen Island|BC|British Columbia||"
"Bonnechere Valley|ON|Ontario||"
"Windsor|NS|Nova Scotia||"
"Pincher Creek|AB|Alberta||"
"Alnwick|NB|New Brunswick||"
"Westville|NS|Nova Scotia||"
"Fruitvale|BC|British Columbia||"
"Pasadena|NL|Newfoundland and Labrador||"
"Saint-Prosper|QC|Quebec||"
"Ormstown|QC|Quebec||"
"Cardston|AB|Alberta||"
"Westbank|BC|British Columbia||"
"De Salaberry|MB|Manitoba||"
"Headingley|MB|Manitoba||"
"Grande Cache|AB|Alberta||"
"Atholville|NB|New Brunswick||"
"Saint-Agapit|QC|Quebec||"
"Prince Albert No. 461|SK|Saskatchewan||"
"Casselman|ON|Ontario||"
"Saint-Ambroise|QC|Quebec||"
"Hay River|NT|Northwest Territories||"
"Mistissini|QC|Quebec||"
"Studholm|NB|New Brunswick||"
"Lumby|BC|British Columbia||"
"Saint-Faustin--Lac-Carre|QC|Quebec||"
"Morris-Turnberry|ON|Ontario||"
"Placentia|NL|Newfoundland and Labrador||"
"Saint-Pascal|QC|Quebec||"
"Mulmur|ON|Ontario||"
"Blind River|ON|Ontario||"
"Dunham|QC|Quebec||"
"Havre-Saint-Pierre|QC|Quebec||"
"Saint-Anselme|QC|Quebec||"
"Trois-Pistoles|QC|Quebec||"
"Grande-Riviere|QC|Quebec||"
"Powassan|ON|Ontario||"
"Malartic|QC|Quebec||"
"Bonavista|NL|Newfoundland and Labrador||"
"Killarney - Turtle Mountain|MB|Manitoba||"
"Woodlands|MB|Manitoba||"
"Lewisporte|NL|Newfoundland and Labrador||"
"Saint-Denis-de-Brompton|QC|Quebec||"
"Invermere|BC|British Columbia||"
"Salisbury|NB|New Brunswick||"
"Bifrost-Riverton|MB|Manitoba||"
"Buckland No. 491|SK|Saskatchewan||"
"Cartier|MB|Manitoba||"
"Sainte-Anne-des-Lacs|QC|Quebec||"
"Highlands East|ON|Ontario||"
"Alexander|MB|Manitoba||"
"Sainte-Claire|QC|Quebec||"
"Perce|QC|Quebec||"
"Saint-Jean-Port-Joli|QC|Quebec||"
"East Hawkesbury|ON|Ontario||"
"Bright|NB|New Brunswick||"
"Penhold|AB|Alberta||"
"Saint-Andre-d'Argenteuil|QC|Quebec||"
"Saint-Come--Liniere|QC|Quebec||"
"Saint-Sulpice|QC|Quebec||"
"Marathon|ON|Ontario||"
"Forestville|QC|Quebec||"
"Inuvik|NT|Northwest Territories||"
"Richmond|QC|Quebec||"
"Lake Cowichan|BC|British Columbia||"
"Sables-Spanish Rivers|ON|Ontario||"
"Hillsburg-Roblin-Shell River|MB|Manitoba||"
"Port Hawkesbury|NS|Nova Scotia||"
"Three Hills|AB|Alberta||"
"Lorette|MB|Manitoba||"
"Paspebiac|QC|Quebec||"
"Saint-Thomas|QC|Quebec||"
"Saint-Jean-Baptiste|QC|Quebec||"
"Portneuf|QC|Quebec||"
"Pictou|NS|Nova Scotia||"
"Tisdale|SK|Saskatchewan||"
"Lake of Bays|ON|Ontario||"
"High Level|AB|Alberta||"
"Gibbons|AB|Alberta||"
"Bishops Falls|NL|Newfoundland and Labrador||"
"WestLake-Gladstone|MB|Manitoba||"
"Normandin|QC|Quebec||"
"Saint-Alphonse-Rodriguez|QC|Quebec||"
"Beausejour|MB|Manitoba||"
"Dalhousie|NB|New Brunswick||"
"Saint-Alphonse-de-Granby|QC|Quebec||"
"Lac du Bonnet|MB|Manitoba||"
"Clermont|QC|Quebec||"
"Virden|MB|Manitoba||"
"Compton|QC|Quebec||"
"White City|SK|Saskatchewan||"
"Ellison|BC|British Columbia||"
"Mont-Saint-Gregoire|QC|Quebec||"
"Wellington|NB|New Brunswick||"
"Merrickville|ON|Ontario||"
"Saint-Liboire|QC|Quebec||"
"Degelis|QC|Quebec||"
"Morris|MB|Manitoba||"
"Saint-Alexis-des-Monts|QC|Quebec||"
"Cap-Saint-Ignace|QC|Quebec||"
"Saint-Anaclet-de-Lessard|QC|Quebec||"
"Carman|MB|Manitoba||"
"Athens|ON|Ontario||"
"Melancthon|ON|Ontario||"
"Cap Sante|QC|Quebec||"
"Harbour Grace|NL|Newfoundland and Labrador||"
"Houston|BC|British Columbia||"
"Adelaide-Metcalfe|ON|Ontario||"
"Crossfield|AB|Alberta||"
"Springdale|NL|Newfoundland and Labrador||"
"Fort Macleod|AB|Alberta||"
"Athabasca|AB|Alberta||"
"Enderby|BC|British Columbia||"
"Saint-Ferreol-les-Neiges|QC|Quebec||"
"Laurentian Hills|ON|Ontario||"
"Grand Valley|ON|Ontario||"
"Senneterre|QC|Quebec||"
"Sainte-Marie-Madeleine|QC|Quebec||"
"Admaston/Bromley|ON|Ontario||"
"Saint-Gabriel-de-Valcartier|QC|Quebec||"
"North Algona Wilberforce|ON|Ontario||"
"Kingston|NB|New Brunswick||"
"Wawa|ON|Ontario||"
"Saint-Christophe-d'Arthabaska|QC|Quebec||"
"Sainte-Melanie|QC|Quebec||"
"Ascot Corner|QC|Quebec||"
"Horton|ON|Ontario||"
"Saint-Michel|QC|Quebec||"
"Botwood|NL|Newfoundland and Labrador||"
"Saint-Paul-d'Abbotsford|QC|Quebec||"
"Saint-Marc-des-Carrieres|QC|Quebec||"
"Stanstead|QC|Quebec||"
"Sainte-Anne-de-Beaupre|QC|Quebec||"
"Sainte-Luce|QC|Quebec||"
"Saint-Gabriel|QC|Quebec||"
"Rankin Inlet|NU|Nunavut||"
"Vanscoy No. 345|SK|Saskatchewan||"
"Cedar|BC|British Columbia||"
"Princeton|BC|British Columbia||"
"La Loche|SK|Saskatchewan||"
"Kingsclear|NB|New Brunswick||"
"Ferme-Neuve|QC|Quebec||"
"Thurso|QC|Quebec||"
"Adstock|QC|Quebec||"
"Shuniah|ON|Ontario||"
"Enniskillen|ON|Ontario||"
"Yamachiche|QC|Quebec||"
"Saint-Maurice|QC|Quebec||"
"Bonaventure|QC|Quebec||"
"Val-Morin|QC|Quebec||"
"Pohenegamook|QC|Quebec||"
"Wakefield|NB|New Brunswick||"
"Stoke|QC|Quebec||"
"Sainte-Marguerite-du-Lac-Masson|QC|Quebec||"
"Saint-Prime|QC|Quebec||"
"Kuujjuaq|QC|Quebec||"
"Atikokan|ON|Ontario||"
"Grenville-sur-la-Rouge|QC|Quebec||"
"North Cypress-Langford|MB|Manitoba||"
"Sainte-Anne-de-Sorel|QC|Quebec||"
"Macamic|QC|Quebec||"
"Sundre|AB|Alberta||"
"Rougemont|QC|Quebec||"
"Piedmont|QC|Quebec||"
"Grimshaw|AB|Alberta||"
"Lac-des-Ecorces|QC|Quebec||"
"Northeastern Manitoulin and the Islands|ON|Ontario||"
"Pelican Narrows|SK|Saskatchewan||"
"McDougall|ON|Ontario||"
"Black Diamond|AB|Alberta||"
"Saint-Pamphile|QC|Quebec||"
"Bedford|QC|Quebec||"
"Weedon-Centre|QC|Quebec||"
"Lacolle|QC|Quebec||"
"Saint-Gabriel-de-Brandon|QC|Quebec||"
"Errington|BC|British Columbia||"
"Coalhurst|AB|Alberta||"
"French River / Riviere des Francais|ON|Ontario||"
"Arviat|NU|Nunavut||"
"Saint-David-de-Falardeau|QC|Quebec||"
"Markstay|ON|Ontario||"
"Spaniards Bay|NL|Newfoundland and Labrador||"
"Cocagne|NB|New Brunswick||"
"Saint-Bruno|QC|Quebec||"
"Chetwynd|BC|British Columbia||"
"Laurier-Station|QC|Quebec||"
"Saint-Anicet|QC|Quebec||"
"Saint-Mathieu-de-Beloeil|QC|Quebec||"
"Cap-Chat|QC|Quebec||"
"Sexsmith|AB|Alberta||"
"Notre-Dame-de-Lourdes|QC|Quebec||"
"Ville-Marie|QC|Quebec||"
"Saint-Isidore|QC|Quebec||"
"Shippegan|NB|New Brunswick||"
"East Garafraxa|ON|Ontario||"
"Pemberton|BC|British Columbia||"
"Unity|SK|Saskatchewan||"
"Rimbey|AB|Alberta||"
"High Prairie|AB|Alberta||"
"Turner Valley|AB|Alberta||"
"Hanna|AB|Alberta||"
"Fort Smith|NT|Northwest Territories||"
"Maria|QC|Quebec||"
"Saint-Chrysostome|QC|Quebec||"
"Greater Madawaska|ON|Ontario||"
"Berwick|NS|Nova Scotia||"
"Saint-Damase|QC|Quebec||"
"Lincoln|NB|New Brunswick||"
"Disraeli|QC|Quebec||"
"Sainte-Victoire-de-Sorel|QC|Quebec||"
"Meadow Lake No. 588|SK|Saskatchewan||"
"Elkford|BC|British Columbia||"
"Georgian Bay|ON|Ontario||"
"Saint-Alexandre|QC|Quebec||"
"Herbertville|QC|Quebec||"
"Moosomin|SK|Saskatchewan||"
"North Kawartha|ON|Ontario||"
"Sainte-Thecle|QC|Quebec||"
"Trenton|NS|Nova Scotia||"
"Fermont|QC|Quebec||"
"Esterhazy|SK|Saskatchewan||"
"Wickham|QC|Quebec||"
"La Presentation|QC|Quebec||"
"Beaverlodge|AB|Alberta||"
"Sainte-Catherine-de-Hatley|QC|Quebec||"
"Saint-Basile|QC|Quebec||"
"Saint-Raphael|QC|Quebec||"
"Holyrood|NL|Newfoundland and Labrador||"
"Gracefield|QC|Quebec||"
"Saint-Martin|QC|Quebec||"
"Causapscal|QC|Quebec||"
"Brigham|QC|Quebec||"
"Perry|ON|Ontario||"
"Port-Daniel--Gascons|QC|Quebec||"
"Rosetown|SK|Saskatchewan||"
"Minnedosa|MB|Manitoba||"
"Labelle|QC|Quebec||"
"Huntingdon|QC|Quebec||"
"Hebertville|QC|Quebec||"
"Black River-Matheson|ON|Ontario||"
"Saint-Michel-des-Saints|QC|Quebec||"
"Dufferin|MB|Manitoba||"
"Saint-Victor|QC|Quebec||"
"Sicamous|BC|British Columbia||"
"Cap Pele|NB|New Brunswick||"
"Kelsey|MB|Manitoba||"
"Killaloe, Hagarty and Richards|ON|Ontario||"
"Alvinston|ON|Ontario||"
"Dundurn No. 314|SK|Saskatchewan||"
"Saint-Ephrem-de-Beauce|QC|Quebec||"
"Assiniboia|SK|Saskatchewan||"
"Temiscaming|QC|Quebec||"
"Magrath|AB|Alberta||"
"Sainte-Genevieve-de-Berthier|QC|Quebec||"
"Buctouche|NB|New Brunswick||"
"Grand Manan|NB|New Brunswick||"
"Sainte-Madeleine|QC|Quebec||"
"Boissevain|MB|Manitoba||"
"Scott|QC|Quebec||"
"Sainte-Croix|QC|Quebec||"
"Algonquin Highlands|ON|Ontario||"
"Valcourt|QC|Quebec||"
"Saint George|NB|New Brunswick||"
"Paquetville|NB|New Brunswick||"
"Saint-Dominique|QC|Quebec||"
"Clearwater|BC|British Columbia||"
"Addington Highlands|ON|Ontario||"
"Lillooet|BC|British Columbia||"
"Burin|NL|Newfoundland and Labrador||"
"Grand Bank|NL|Newfoundland and Labrador||"
"Lery|QC|Quebec||"
"Minto|NB|New Brunswick||"
"Rosthern No. 403|SK|Saskatchewan||"
"Chase|BC|British Columbia||"
"Mansfield-et-Pontefract|QC|Quebec||"
"Saint-Denis|QC|Quebec||"
"Outlook|SK|Saskatchewan||"
"Mitchell|MB|Manitoba||"
"Saint-Gedeon-de-Beauce|QC|Quebec||"
"Saint-Leonard-d'Aston|QC|Quebec||"
"Lunenburg|NS|Nova Scotia||"
"Northesk|NB|New Brunswick||"
"Albanel|QC|Quebec||"
"St. Anthony|NL|Newfoundland and Labrador||"
"Pessamit|QC|Quebec||"
"Maskinonge|QC|Quebec||"
"Saint-Charles-de-Bellechasse|QC|Quebec||"
"Fogo Island|NL|Newfoundland and Labrador||"
"East Broughton|QC|Quebec||"
"Lantz|NS|Nova Scotia||"
"Calmar|AB|Alberta||"
"Highlands|BC|British Columbia||"
"Saint-Polycarpe|QC|Quebec||"
"Logy Bay-Middle Cove-Outer Cove|NL|Newfoundland and Labrador||"
"Deschambault|QC|Quebec||"
"Canora|SK|Saskatchewan||"
"Upper Miramichi|NB|New Brunswick||"
"Anmore|BC|British Columbia||"
"Hardwicke|NB|New Brunswick||"
"Saint-Come|QC|Quebec||"
"Waskaganish|QC|Quebec||"
"Twillingate|NL|Newfoundland and Labrador||"
"Saint-Quentin|NB|New Brunswick||"
"Lebel-sur-Quevillon|QC|Quebec||"
"Pilot Butte|SK|Saskatchewan||"
"Nanton|AB|Alberta||"
"Pierreville|QC|Quebec||"
"New-Wes-Valley|NL|Newfoundland and Labrador||"
"Pennfield Ridge|NB|New Brunswick||"
"West Interlake|MB|Manitoba||"
"Biggar|SK|Saskatchewan||"
"Britannia No. 502|SK|Saskatchewan||"
"Kent|NB|New Brunswick||"
"Wabana|NL|Newfoundland and Labrador||"
"Saint-Gilles|QC|Quebec||"
"Wendake|QC|Quebec||"
"Saint-Bernard|QC|Quebec||"
"Sainte-Cecile-de-Milton|QC|Quebec||"
"Saint-Roch-de-Richelieu|QC|Quebec||"
"Saint-Nazaire|QC|Quebec||"
"Saint-Elzear|QC|Quebec||"
"Hinchinbrooke|QC|Quebec||"
"Saint-Francois-Xavier-de-Brompton|QC|Quebec||"
"Papineauville|QC|Quebec||"
"Prairie View|MB|Manitoba||"
"Cowichan Bay|BC|British Columbia||"
"Saint-Ignace-de-Loyola|QC|Quebec||"
"Central Manitoulin|ON|Ontario||"
"Maple Creek|SK|Saskatchewan||"
"Glovertown|NL|Newfoundland and Labrador||"
"Tofield|AB|Alberta||"
"Madoc|ON|Ontario||"
"Upton|QC|Quebec||"
"Sainte-Anne-de-Sabrevois|QC|Quebec||"
"Logan Lake|BC|British Columbia||"
"Sainte-Anne-de-la-Perade|QC|Quebec||"
"Saint-Damien-de-Buckland|QC|Quebec||"
"Baker Lake|NU|Nunavut||"
"Saltair|BC|British Columbia||"
"Pouch Cove|NL|Newfoundland and Labrador||"
"Saint-Ferdinand|QC|Quebec||"
"Port McNeill|BC|British Columbia||"
"Digby|NS|Nova Scotia||"
"Manouane|QC|Quebec||"
"Saint-Gervais|QC|Quebec||"
"Neebing|ON|Ontario||"
"Redwater|AB|Alberta||"
"Saint-Alexandre-de-Kamouraska|QC|Quebec||"
"Saint-Marc-sur-Richelieu|QC|Quebec||"
"Mandeville|QC|Quebec||"
"Caplan|QC|Quebec||"
"Point Edward|ON|Ontario||"
"Allardville|NB|New Brunswick||"
"Waterville|QC|Quebec||"
"Saint-Damien|QC|Quebec||"
"Lac-Nominingue|QC|Quebec||"
"Obedjiwan|QC|Quebec||"
"Rama|SK|Saskatchewan||"
"McCreary|MB|Manitoba||"
"Deloraine-Winchester|MB|Manitoba||"
"Oakland-Wawanesa|MB|Manitoba||"
"Brenda-Waskada|MB|Manitoba||"
"Russell-Binscarth|MB|Manitoba||"
"Ellice-Archie|MB|Manitoba||"
"Souris-Glenwood|MB|Manitoba||"
"Riverdale|MB|Manitoba||"
"Pembina|MB|Manitoba||"
"Wallace-Woodworth|MB|Manitoba||"
"Lorne|MB|Manitoba||"
"Ethelbert|MB|Manitoba||"
"Yellowhead|MB|Manitoba||"
"Swan Valley West|MB|Manitoba||"
"Grey|MB|Manitoba||"
"Gilbert Plains|MB|Manitoba||"
"Norfolk-Treherne|MB|Manitoba||"
"Hamiota|MB|Manitoba||"
"Emerson-Franklin|MB|Manitoba||"
"Sifton|MB|Manitoba||"
"Rossburn|MB|Manitoba||"
"Grand View|MB|Manitoba||"
"Grassland|MB|Manitoba||"
"Louise|MB|Manitoba||"
"Ste. Rose|MB|Manitoba||"
"Cartwright-Roblin|MB|Manitoba||"
"Mossey River|MB|Manitoba||"
"Lakeshore|MB|Manitoba||"
"Riding Mountain West|MB|Manitoba||"
"Clanwilliam-Erickson|MB|Manitoba||"
"Glenboro-South Cypress|MB|Manitoba||"
"North Norfolk|MB|Manitoba||"
"Reinland|MB|Manitoba||"
"Minitonas-Bowsman|MB|Manitoba||"
"Kippens|NL|Newfoundland and Labrador||"
"Blucher|SK|Saskatchewan||"
"Hatley|QC|Quebec||"
"Saint-Gedeon|QC|Quebec||"
"Kingsey Falls|QC|Quebec||"
"Provost|AB|Alberta||"
"Saint-Charles|NB|New Brunswick||"
"Mattawa|ON|Ontario||"
"Tumbler Ridge|BC|British Columbia||"
"Terrasse-Vaudreuil|QC|Quebec||"
"L'Ascension-de-Notre-Seigneur|QC|Quebec||"
"Bow Island|AB|Alberta||"
"Barraute|QC|Quebec||"
"One Hundred Mile House|BC|British Columbia||"
"Kedgwick|NB|New Brunswick||"
"Gambo|NL|Newfoundland and Labrador||"
"Saint-Liguori|QC|Quebec||"
"Bonfield|ON|Ontario||"
"Pointe-Lebel|QC|Quebec||"
"Saint Mary|NB|New Brunswick||"
"Saint-Patrice-de-Sherrington|QC|Quebec||"
"Fox Creek|AB|Alberta||"
"Dawn-Euphemia|ON|Ontario||"
"Chapleau|ON|Ontario||"
"Saint-Esprit|QC|Quebec||"
"Westfield Beach|NB|New Brunswick||"
"Montague|PE|Prince Edward Island||"
"Mashteuiatsh|QC|Quebec||"
"Saint-Francois-du-Lac|QC|Quebec||"
"Eel River Crossing|NB|New Brunswick||"
"Saint-Fulgence|QC|Quebec||"
"Millet|AB|Alberta||"
"Vallee-Jonction|QC|Quebec||"
"Saint-Georges-de-Cacouna|QC|Quebec||"
"Lumsden No. 189|SK|Saskatchewan||"
"Manitouwadge|ON|Ontario||"
"Wellington|ON|Ontario||"
"Swift Current No. 137|SK|Saskatchewan||"
"Tofino|BC|British Columbia||"
"Fort Qu'Appelle|SK|Saskatchewan||"
"Vulcan|AB|Alberta||"
"Indian Head|SK|Saskatchewan||"
"Petit Rocher|NB|New Brunswick||"
"Wabush|NL|Newfoundland and Labrador||"
"Saint-Fabien|QC|Quebec||"
"Watrous|SK|Saskatchewan||"
"North Frontenac|ON|Ontario||"
"Lac-Superieur|QC|Quebec||"
"Les Escoumins|QC|Quebec||"
"Richibucto|NB|New Brunswick||"
"Riviere-Beaudette|QC|Quebec||"
"Saint-Barthelemy|QC|Quebec||"
"Nisga'a|BC|British Columbia||"
"Austin|QC|Quebec||"
"Saint-Mathieu|QC|Quebec||"
"Saint-Paul-de-l'Ile-aux-Noix|QC|Quebec||"
"Orkney No. 244|SK|Saskatchewan||"
"Behchoko|NT|Northwest Territories||"
"Saint-Joseph-de-Coleraine|QC|Quebec||"
"Saint-Cyprien-de-Napierville|QC|Quebec||"
"Sayabec|QC|Quebec||"
"Valleyview|AB|Alberta||"
"Deleage|QC|Quebec||"
"Potton|QC|Quebec||"
"Sainte-Beatrix|QC|Quebec||"
"Sainte-Justine|QC|Quebec||"
"Eastman|QC|Quebec||"
"Saint-Valerien-de-Milton|QC|Quebec||"
"Saint-Cuthbert|QC|Quebec||"
"Saint-Blaise-sur-Richelieu|QC|Quebec||"
"Middleton|NS|Nova Scotia||"
"Maugerville|NB|New Brunswick||"
"Dalmeny|SK|Saskatchewan||"
"Kamsack|SK|Saskatchewan||"
"Lumsden|SK|Saskatchewan||"
"Trinity Bay North|NL|Newfoundland and Labrador||"
"Saint-Michel-de-Bellechasse|QC|Quebec||"
"Sainte-Angele-de-Monnoir|QC|Quebec||"
"Picture Butte|AB|Alberta||"
"Sacre-Coeur-Saguenay|QC|Quebec||"
"Saint-Louis|NB|New Brunswick||"
"Victoria|NL|Newfoundland and Labrador||"
"Saint-Robert|QC|Quebec||"
"Armstrong|MB|Manitoba||"
"Saint-Pierre-de-l'Ile-d'Orleans|QC|Quebec||"
"La Guadeloupe|QC|Quebec||"
"Saint Andrews|NB|New Brunswick||"
"Burns Lake|BC|British Columbia||"
"Povungnituk|QC|Quebec||"
"Manners Sutton|NB|New Brunswick||"
"Gore|QC|Quebec||"
"Deseronto|ON|Ontario||"
"Lamont|AB|Alberta||"
"Chambord|QC|Quebec||"
"Dudswell|QC|Quebec||"
"Wynyard|SK|Saskatchewan||"
"Cambridge Bay|NU|Nunavut||"
"Saint-Narcisse|QC|Quebec||"
"Frontenac Islands|ON|Ontario||"
"Waswanipi|QC|Quebec||"
"Inukjuak|QC|Quebec||"
"Piney|MB|Manitoba||"
"Komoka|ON|Ontario||"
"Saint-Zacharie|QC|Quebec||"
"Hemmingford|QC|Quebec||"
"Shelburne|NS|Nova Scotia||"
"Saint-Clet|QC|Quebec||"
"Carberry|MB|Manitoba||"
"Brighton|NB|New Brunswick||"
"Saint-Antoine|NB|New Brunswick||"
"Warfield|BC|British Columbia||"
"Northampton|NB|New Brunswick||"
"Saint-Ours|QC|Quebec||"
"Stephenville Crossing|NL|Newfoundland and Labrador||"
"Sainte-Anne-de-la-Pocatiere|QC|Quebec||"
"Ucluelet|BC|British Columbia||"
"Saint-Placide|QC|Quebec||"
"Barriere|BC|British Columbia||"
"Fisher|MB|Manitoba||"
"Nipissing|ON|Ontario||"
"Sainte-Clotilde|QC|Quebec||"
"Shaunavon|SK|Saskatchewan||"
"Wicklow|NB|New Brunswick||"
"Southesk|NB|New Brunswick||"
"Nouvelle|QC|Quebec||"
"Rosthern|SK|Saskatchewan||"
"Yamaska|QC|Quebec||"
"Neguac|NB|New Brunswick||"
"Flat Rock|NL|Newfoundland and Labrador||"
"Igloolik|NU|Nunavut||"
"Grunthal|MB|Manitoba||"
"Naramata|BC|British Columbia||"
"Saint-Elie-de-Caxton|QC|Quebec||"
"Blumenort|MB|Manitoba||"
"Balmoral|NB|New Brunswick||"
"Price|QC|Quebec||"
"Rosedale|MB|Manitoba||"
"Saint-Jacques-le-Mineur|QC|Quebec||"
"Huron Shores|ON|Ontario||"
"Champlain|QC|Quebec||"
"Whitehead|MB|Manitoba||"
"Saint-Antoine-sur-Richelieu|QC|Quebec||"
"Saint-Pacome|QC|Quebec||"
"Saint-Stanislas-de-Kostka|QC|Quebec||"
"Frontenac|QC|Quebec||"
"Stuartburn|MB|Manitoba||"
"Yamaska-Est|QC|Quebec||"
"Sainte-Emelie-de-l'Energie|QC|Quebec||"
"Saint-Charles-sur-Richelieu|QC|Quebec||"
"Saint-Joseph-de-Sorel|QC|Quebec||"
"Nipigon|ON|Ontario||"
"Riviere-Blanche|QC|Quebec||"
"Sainte-Helene-de-Bagot|QC|Quebec||"
"Franklin Centre|QC|Quebec||"
"Harbour Breton|NL|Newfoundland and Labrador||"
"Massey Drive|NL|Newfoundland and Labrador||"
"Mille-Isles|QC|Quebec||"
"Wilton No. 472|SK|Saskatchewan||"
"Lyster|QC|Quebec||"
"Oakview|MB|Manitoba||"
"Balgonie|SK|Saskatchewan||"
"Harrison Park|MB|Manitoba||"
"Kensington|PE|Prince Edward Island||"
"Witless Bay|NL|Newfoundland and Labrador||"
"Pond Inlet|NU|Nunavut||"
"Royston|BC|British Columbia||"
"Sainte-Clotilde-de-Horton|QC|Quebec||"
"Burford|ON|Ontario||"
"Fossambault-sur-le-Lac|QC|Quebec||"
"Saint-Benoit-Labre|QC|Quebec||"
"Coombs|BC|British Columbia||"
"Terrace Bay|ON|Ontario||"
"Chapais|QC|Quebec||"
"Saint-Honore-de-Shenley|QC|Quebec||"
"Cleveland|QC|Quebec||"
"Macdonald, Meredith and Aberdeen Additional|ON|Ontario||"
"Messines|QC|Quebec||"
"Saint-Jean-de-Dieu|QC|Quebec||"
"Nakusp|BC|British Columbia||"
"Florenceville|NB|New Brunswick||"
"Saint-Antoine-de-Tilly|QC|Quebec||"
"Lakeview|BC|British Columbia||"
"Humbermouth|NL|Newfoundland and Labrador||"
"Fort St. James|BC|British Columbia||"
"Saint-Francois-de-la-Riviere-du-Sud|QC|Quebec||"
"Saint-Jacques|NB|New Brunswick||"
"Uashat|QC|Quebec||"
"Perth|NB|New Brunswick||"
"Eeyou Istchee Baie-James|QC|Quebec||"
"Shellbrook No. 493|SK|Saskatchewan||"
"Shawville|QC|Quebec||"
"Saint-Lucien|QC|Quebec||"
"Lambton|QC|Quebec||"
"Saint-Laurent-de-l'Ile-d'Orleans|QC|Quebec||"
"Saint-Flavien|QC|Quebec||"
"Grenville|QC|Quebec||"
"Chute-aux-Outardes|QC|Quebec||"
"Sainte-Marcelline-de-Kildare|QC|Quebec||"
"Saint-Felix-de-Kingsey|QC|Quebec||"
"Upper Island Cove|NL|Newfoundland and Labrador||"
"Glenelg|NB|New Brunswick||"
"Sainte-Elisabeth|QC|Quebec||"
"Ashcroft|BC|British Columbia||"
"Clarkes Beach|NL|Newfoundland and Labrador||"
"Saint-Bernard-de-Lacolle|QC|Quebec||"
"Belledune|NB|New Brunswick||"
"Saint-Guillaume|QC|Quebec||"
"Venise-en-Quebec|QC|Quebec||"
"Maliotenam|QC|Quebec||"
"Ripon|QC|Quebec||"
"Hilliers|BC|British Columbia||"
"Saint-Joseph|NB|New Brunswick||"
"Saint-Paulin|QC|Quebec||"
"Bon Accord|AB|Alberta||"
"Saint David|NB|New Brunswick||"
"Saint-Albert|QC|Quebec||"
"Matagami|QC|Quebec||"
"Springfield|NB|New Brunswick||"
"Amherst|QC|Quebec||"
"Notre-Dame-du-Laus|QC|Quebec||"
"St. George|NB|New Brunswick||"
"Wembley|AB|Alberta||"
"Victoria|MB|Manitoba||"
"Springbrook|AB|Alberta||"
"Saint-Tite-des-Caps|QC|Quebec||"
"Hudson Bay|SK|Saskatchewan||"
"Pinawa|MB|Manitoba||"
"Brudenell, Lyndoch and Raglan|ON|Ontario||"
"Carlyle|SK|Saskatchewan||"
"Keremeos|BC|British Columbia||"
"Val-Joli|QC|Quebec||"
"Gold River|BC|British Columbia||"
"Saint-Casimir|QC|Quebec||"
"Bay Bulls|NL|Newfoundland and Labrador||"
"Langham|SK|Saskatchewan||"
"Frenchman Butte|SK|Saskatchewan||"
"Gordon|NB|New Brunswick||"
"Kugluktuk|NU|Nunavut||"
"Saint-Malachie|QC|Quebec||"
"Southampton|NB|New Brunswick||"
"Salluit|QC|Quebec||"
"Pangnirtung|NU|Nunavut||"
"Saint-Louis-de-Gonzague|QC|Quebec||"
"Moosonee|ON|Ontario||"
"Englehart|ON|Ontario||"
"Saint-Urbain|QC|Quebec||"
"Tring-Jonction|QC|Quebec||"
"Nauwigewauk|NB|New Brunswick||"
"Pointe-a-la-Croix|QC|Quebec||"
"Denmark|NB|New Brunswick||"
"Saint-Joachim|QC|Quebec||"
"Torch River No. 488|SK|Saskatchewan||"
"Saint-Theodore-d'Acton|QC|Quebec||"
"Grindrod|BC|British Columbia||"
"L' Isle-Verte|QC|Quebec||"
"Harrison Hot Springs|BC|British Columbia||"
"Palmarolle|QC|Quebec||"
"Henryville|QC|Quebec||"
"Sussex Corner|NB|New Brunswick||"
"Saint-Odilon-de-Cranbourne|QC|Quebec||"
"Pipestone|MB|Manitoba||"
"Laurierville|QC|Quebec||"
"La Dore|QC|Quebec||"
"Lac-au-Saumon|QC|Quebec||"
"Wotton|QC|Quebec||"
"Prairie Lakes|MB|Manitoba||"
"Elk Point|AB|Alberta||"
"Shellbrook|SK|Saskatchewan||"
"Wemindji|QC|Quebec||"
"Cape Dorset|NU|Nunavut||"
"Strong|ON|Ontario||"
"Lappe|ON|Ontario||"
"Riviere-Heva|QC|Quebec||"
"Fort-Coulonge|QC|Quebec||"
"Irishtown-Summerside|NL|Newfoundland and Labrador||"
"Godmanchester|QC|Quebec||"
"Macklin|SK|Saskatchewan||"
"Armour|ON|Ontario||"
"Saint-Simon|QC|Quebec||"
"St. Francois Xavier|MB|Manitoba||"
"Tingwick|QC|Quebec||"
"Saint-Aubert|QC|Quebec||"
"Saint-Mathieu-du-Parc|QC|Quebec||"
"Wabasca|AB|Alberta||"
"Ragueneau|QC|Quebec||"
"Notre-Dame-du-Bon-Conseil|QC|Quebec||"
"Wasagamack|MB|Manitoba||"
"Saint-Ubalde|QC|Quebec||"
"Creighton|SK|Saskatchewan||"
"Fortune|NL|Newfoundland and Labrador||"
"Faraday|ON|Ontario||"
"Berthier-sur-Mer|QC|Quebec||"
"Frampton|QC|Quebec||"
"Magnetawan|ON|Ontario||"
"New Carlisle|QC|Quebec||"
"Laird No. 404|SK|Saskatchewan||"
"Petitcodiac|NB|New Brunswick||"
"Popkum|BC|British Columbia||"
"Norton|NB|New Brunswick||"
"Canwood No. 494|SK|Saskatchewan||"
"Wentworth-Nord|QC|Quebec||"
"Bas Caraquet|NB|New Brunswick||"
"Sainte-Ursule|QC|Quebec||"
"Dawson|YT|Yukon||"
"Nantes|QC|Quebec||"
"Lac-aux-Sables|QC|Quebec||"
"Stewiacke|NS|Nova Scotia||"
"Taylor|BC|British Columbia||"
"Rosser|MB|Manitoba||"
"Estevan No. 5|SK|Saskatchewan||"
"Falmouth|NS|Nova Scotia||"
"Vaudreuil-sur-le-Lac|QC|Quebec||"
"Grahamdale|MB|Manitoba||"
"Cardwell|NB|New Brunswick||"
"Two Hills|AB|Alberta||"
"Spiritwood No. 496|SK|Saskatchewan||"
"Legal|AB|Alberta||"
"Amulet|QC|Quebec||"
"Herouxville|QC|Quebec||"
"Pointe-des-Cascades|QC|Quebec||"
"Weldford|NB|New Brunswick||"
"Reynolds|MB|Manitoba||"
"St. Laurent|MB|Manitoba||"
"Lions Bay|BC|British Columbia||"
"L'Isle-aux-Allumettes|QC|Quebec||"
"Emo|ON|Ontario||"
"Sainte-Brigide-d'Iberville|QC|Quebec||"
"Les Eboulements|QC|Quebec||"
"Dunsmuir|BC|British Columbia||"
"Pointe-aux-Outardes|QC|Quebec||"
"Smooth Rock Falls|ON|Ontario||"
"Oxbow|SK|Saskatchewan||"
"Telkwa|BC|British Columbia||"
"Gjoa Haven|NU|Nunavut||"
"Sainte-Barbe|QC|Quebec||"
"Mayerthorpe|AB|Alberta||"
"Saint-Louis-du-Ha! Ha!|QC|Quebec||"
"Powerview-Pine Falls|MB|Manitoba||"
"Baie Verte|NL|Newfoundland and Labrador||"
"Saint-Edouard|QC|Quebec||"
"Charlo|NB|New Brunswick||"
"Hillsborough|NB|New Brunswick||"
"Bruederheim|AB|Alberta||"
"Burgeo|NL|Newfoundland and Labrador||"
"Wadena|SK|Saskatchewan||"
"Richmond|NB|New Brunswick||"
"Swan Hills|AB|Alberta||"
"Wilkie|SK|Saskatchewan||"
"Saint-Leonard|NB|New Brunswick||"
"Riviere-Bleue|QC|Quebec||"
"Noyan|QC|Quebec||"
"Ile-a-la-Crosse|SK|Saskatchewan||"
"Landmark|MB|Manitoba||"
"Saint-Hugues|QC|Quebec||"
"Chisholm|ON|Ontario||"
"Sainte-Anne-du-Sault|QC|Quebec||"
"La Conception|QC|Quebec||"
"Saint-Valere|QC|Quebec||"
"Sorrento|BC|British Columbia||"
"Lameque|NB|New Brunswick||"
"Thessalon|ON|Ontario||"
"L'Isle-aux-Coudres|QC|Quebec||"
"Nobleford|AB|Alberta||"
"Larouche|QC|Quebec||"
"South Qu'Appelle No. 157|SK|Saskatchewan||"
"Elton|MB|Manitoba||"
"Lorrainville|QC|Quebec||"
"Conestogo|ON|Ontario||"
"Upham|NB|New Brunswick||"
"St.-Charles|ON|Ontario||"
"Sainte-Lucie-des-Laurentides|QC|Quebec||"
"Saint-Alexis|QC|Quebec||"
"Gillam|MB|Manitoba||"
"Roxton Falls|QC|Quebec||"
"Montcalm|MB|Manitoba||"
"Clarendon|QC|Quebec||"
"Mervin No. 499|SK|Saskatchewan||"
"Saint-Ludger|QC|Quebec||"
"Coldwell|MB|Manitoba||"
"Saint-Arsene|QC|Quebec||"
"Racine|QC|Quebec||"
"Saint-Majorique-de-Grantham|QC|Quebec||"
"Saint-Zenon|QC|Quebec||"
"Saint-Armand|QC|Quebec||"
"Saint-Edouard-de-Lotbiniere|QC|Quebec||"
"Alonsa|MB|Manitoba||"
"Listuguj|QC|Quebec||"
"Bowden|AB|Alberta||"
"St. Joseph|ON|Ontario||"
"Osler|SK|Saskatchewan||"
"Saint-Hubert-de-Riviere-du-Loup|QC|Quebec||"
"Saint-Jude|QC|Quebec||"
"Dildo|NL|Newfoundland and Labrador||"
"La Minerve|QC|Quebec||"
"Lanigan|SK|Saskatchewan||"
"Lajord No. 128|SK|Saskatchewan||"
"Moonbeam|ON|Ontario||"
"Notre-Dame-des-Pins|QC|Quebec||"
"Saint-Alban|QC|Quebec||"
"Saint-Pierre-les-Becquets|QC|Quebec||"
"Arborg|MB|Manitoba||"
"Vauxhall|AB|Alberta||"
"Bayfield|ON|Ontario||"
"Beaver River|SK|Saskatchewan||"
"Irricana|AB|Alberta||"
"Labrecque|QC|Quebec||"
"New Bandon|NB|New Brunswick||"
"Wemotaci|QC|Quebec||"
"Sainte-Henedine|QC|Quebec||"
"L'Anse-Saint-Jean|QC|Quebec||"
"Bassano|AB|Alberta||"
"Parrsboro|NS|Nova Scotia||"
"Kaleden|BC|British Columbia||"
"St. George's|NL|Newfoundland and Labrador||"
"Fort Simpson|NT|Northwest Territories||"
"Akwesasne|QC|Quebec||"
"L'Avenir|QC|Quebec||"
"Ignace|ON|Ontario||"
"Claremont|ON|Ontario||"
"Teulon|MB|Manitoba||"
"Peel|NB|New Brunswick||"
"Musquash|NB|New Brunswick||"
"Notre-Dame-du-Portage|QC|Quebec||"
"St. Lawrence|NL|Newfoundland and Labrador||"
"Oxford|NS|Nova Scotia||"
"Minto-Odanah|MB|Manitoba||"
"St. Alban's|NL|Newfoundland and Labrador||"
"Saint James|NB|New Brunswick||"
"Saint-Norbert-d'Arthabaska|QC|Quebec||"
"Manning|AB|Alberta||"
"Glenella-Lansdowne|MB|Manitoba||"
"Saint-Hilarion|QC|Quebec||"
"Saint-Simeon|QC|Quebec||"
"Saint-Barnabe|QC|Quebec||"
"Sainte-Felicite|QC|Quebec||"
"Two Borders|MB|Manitoba||"
"Queensbury|NB|New Brunswick||"
"Bury|QC|Quebec||"
"Lac-Bouchette|QC|Quebec||"
"Saint-Lazare-de-Bellechasse|QC|Quebec||"
"Saint-Michel-du-Squatec|QC|Quebec||"
"Saint-Joachim-de-Shefford|QC|Quebec||"
"St-Pierre-Jolys|MB|Manitoba||"
"Grand-Remous|QC|Quebec||"
"Saint-Gabriel-de-Rimouski|QC|Quebec||"
"Armstrong|ON|Ontario||"
"Rogersville|NB|New Brunswick||"
"Langenburg|SK|Saskatchewan||"
"Sainte-Marie-Salome|QC|Quebec||"
"Moose Jaw No. 161|SK|Saskatchewan||"
"Saint-Cyprien|QC|Quebec||"
"Maidstone|SK|Saskatchewan||"
"Tres-Saint-Sacrement|QC|Quebec||"
"Battle River No. 438|SK|Saskatchewan||"
"Miltonvale Park|PE|Prince Edward Island||"
"McAdam|NB|New Brunswick||"
"Saints-Anges|QC|Quebec||"
"Saint-Urbain-Premier|QC|Quebec||"
"Centreville-Wareham-Trinity|NL|Newfoundland and Labrador||"
"Alberton|PE|Prince Edward Island||"
"Winnipeg Beach|MB|Manitoba||"
"Sainte-Agathe-de-Lotbiniere|QC|Quebec||"
"Salmo|BC|British Columbia||"
"Kipling|SK|Saskatchewan||"
"Sagamok|ON|Ontario||"
"Trecesson|QC|Quebec||"
"Tara|ON|Ontario||"
"Grande-Vallee|QC|Quebec||"
"Bertrand|NB|New Brunswick||"
"Newcastle|NB|New Brunswick||"
"Mont-Carmel|QC|Quebec||"
"Saint Martins|NB|New Brunswick||"
"Saint-Eugene|QC|Quebec||"
"Notre-Dame-des-Neiges|QC|Quebec||"
"Saint-Andre|NB|New Brunswick||"
"Centreville|NS|Nova Scotia||"
"Roland|MB|Manitoba||"
"Saint-Leon-de-Standon|QC|Quebec||"
"Saint-Modeste|QC|Quebec||"
"Carnduff|SK|Saskatchewan||"
"Carling|ON|Ontario||"
"Eckville|AB|Alberta||"
"Nain|NL|Newfoundland and Labrador||"
"Hillsburgh|ON|Ontario||"
"Foam Lake|SK|Saskatchewan||"
"Sainte-Sabine|QC|Quebec||"
"Saint-Maxime-du-Mont-Louis|QC|Quebec||"
"Blanc-Sablon|QC|Quebec||"
"Cobalt|ON|Ontario||"
"Gravelbourg|SK|Saskatchewan||"
"South River|ON|Ontario||"
"Hudson Bay No. 394|SK|Saskatchewan||"
"McKellar|ON|Ontario||"
"Frelighsburg|QC|Quebec||"
"Buffalo Narrows|SK|Saskatchewan||"
"Ayer's Cliff|QC|Quebec||"
"Les Mechins|QC|Quebec||"
"Sainte-Marguerite|QC|Quebec||"
"Saint-Claude|QC|Quebec||"
"Air Ronge|SK|Saskatchewan||"
"Chipman|NB|New Brunswick||"
"Girardville|QC|Quebec||"
"Saint-Bruno-de-Guigues|QC|Quebec||"
"Grenfell|SK|Saskatchewan||"
"Dorchester|NB|New Brunswick||"
"South Algonquin|ON|Ontario||"
"Windermere|BC|British Columbia||"
"Saint-Narcisse-de-Beaurivage|QC|Quebec||"
"Saint-Rene-de-Matane|QC|Quebec||"
"Sainte-Jeanne-d'Arc|QC|Quebec||"
"Plaisance|QC|Quebec||"
"Roxton-Sud|QC|Quebec||"
"St. Louis No. 431|SK|Saskatchewan||"
"Youbou|BC|British Columbia||"
"Duchess|AB|Alberta||"
"Saint-Frederic|QC|Quebec||"
"Viking|AB|Alberta||"
"Sioux Narrows-Nestor Falls|ON|Ontario||"
"Whitecourt|AB|Alberta||"
"Repulse Bay|NU|Nunavut||"
"Montreal-Est|QC|Quebec||"
"King|ON|Ontario||"
"Regina Beach|SK|Saskatchewan||"
"Saint-Patrice-de-Beaurivage|QC|Quebec||"
"Ootischenia|BC|British Columbia||"
"Hensall|ON|Ontario||"
"Bentley|AB|Alberta||"
"Durham|NB|New Brunswick||"
"Sainte-Marthe|QC|Quebec||"
"Notre-Dame-du-Nord|QC|Quebec||"
"Pinehouse|SK|Saskatchewan||"
"Saint-Aime-des-Lacs|QC|Quebec||"
"Lac-Drolet|QC|Quebec||"
"Preeceville|SK|Saskatchewan||"
"Maple Creek No. 111|SK|Saskatchewan||"
"Harbour Main-Chapel's Cove-Lakeview|NL|Newfoundland and Labrador||"
"Saint-Wenceslas|QC|Quebec||"
"Weyburn No. 67|SK|Saskatchewan||"
"Birch Hills|SK|Saskatchewan||"
"Wedgeport|NS|Nova Scotia||"
"Kerrobert|SK|Saskatchewan||"
"Havelock|NB|New Brunswick||"
"Eston|SK|Saskatchewan||"
"Sainte-Genevieve-de-Batiscan|QC|Quebec||"
"Saint-Justin|QC|Quebec||"
"Saint-Norbert|QC|Quebec||"
"Schreiber|ON|Ontario||"
"Trochu|AB|Alberta||"
"Botsford|NB|New Brunswick||"
"Riviere-Ouelle|QC|Quebec||"
"Greenwich|NB|New Brunswick||"
"Stukely-Sud|QC|Quebec||"
"Saint-Georges-de-Clarenceville|QC|Quebec||"
"Sainte-Therese-de-Gaspe|QC|Quebec||"
"Beachburg|ON|Ontario||"
"Desbiens|QC|Quebec||"
"Clyde River|NU|Nunavut||"
"La Macaza|QC|Quebec||"
"Souris|PE|Prince Edward Island||"
"Kindersley No. 290|SK|Saskatchewan||"
"Laird|ON|Ontario||"
"Falher|AB|Alberta||"
"Saint-Vallier|QC|Quebec||"
"Coleraine|QC|Quebec||"
"Melita|MB|Manitoba||"
"Noonan|NB|New Brunswick||"
"Sainte-Petronille|QC|Quebec||"
"Delisle|SK|Saskatchewan||"
"Bristol|QC|Quebec||"
"Mahone Bay|NS|Nova Scotia||"
"Waldheim|SK|Saskatchewan||"
"Saint-Sylvestre|QC|Quebec||"
"Taloyoak|NU|Nunavut||"
"Onoway|AB|Alberta||"
"Saint-Stanislas|QC|Quebec||"
"Malpeque|PE|Prince Edward Island||"
"Plantagenet|ON|Ontario||"
"Longue-Rive|QC|Quebec||"
"Argyle|MB|Manitoba||"
"Davidson|SK|Saskatchewan||"
"Plaster Rock|NB|New Brunswick||"
"Wilmot|NB|New Brunswick||"
"Valemount|BC|British Columbia||"
"Saint-Leonard-de-Portneuf|QC|Quebec||"
"Alberta Beach|AB|Alberta||"
"Saint-Narcisse-de-Rimouski|QC|Quebec||"
"Saint-Bonaventure|QC|Quebec||"
"Longlaketon No. 219|SK|Saskatchewan||"
"Papineau-Cameron|ON|Ontario||"
"Assiginack|ON|Ontario||"
"Brebeuf|QC|Quebec||"
"Hudson Hope|BC|British Columbia||"
"Prince|ON|Ontario||"
"Baie-du-Febvre|QC|Quebec||"
"Durham-Sud|QC|Quebec||"
"Melbourne|QC|Quebec||"
"Nipawin No. 487|SK|Saskatchewan||"
"Duck Lake No. 463|SK|Saskatchewan||"
"Oyen|AB|Alberta||"
